url,instrucciones
https://www.carrefour.es/electrodomesticos/lavadoras/cat4165460/c,Extrae todos los productos
https://www.fnac.es/n123649/Regalos-originales/Tantanfan#?PageIndex=2&SDM=list,Extrae todos los productos
https://www.carrefour.es/electrodomesticos/lavadoras/cat4165460/c,Extrae todos los productos
https://www.carrefour.es/electrodomesticos/lavadoras/cat4165460/c?offset=24,Extrae todos los productos
https://www.carrefour.es/electrodomesticos/lavadoras/cat4165460/c?offset=48,Extrae todos los productos
https://www.carrefour.es/electrodomesticos/lavadoras/cat4165460/c?offset=72,Extrae todos los productos
https://www.carrefour.es/electrodomesticos/lavadoras/cat4165460/c?offset=96,Extrae todos los productos
https://www.carrefour.es/electrodomesticos/lavadoras/cat4165460/c?offset=120,Extrae todos los productos
https://www.carrefour.es/electrodomesticos/lavadoras/cat4165460/c?offset=144,Extrae todos los productos
https://www.carrefour.es/electrodomesticos/lavadoras/cat4165460/c?offset=168,Extrae todos los productos
https://www.carrefour.es/electrodomesticos/lavadoras/cat4165460/c?offset=192,Extrae todos los productos
https://www.carrefour.es/electrodomesticos/lavadoras/cat4165460/c?offset=216,Extrae todos los productos
https://www.carrefour.es/electrodomesticos/lavadoras/cat4165460/c?offset=240,Extrae todos los productos
https://www.carrefour.es/electrodomesticos/lavadoras/cat4165460/c?offset=264,Extrae todos los productos
https://www.carrefour.es/electrodomesticos/lavadoras/cat4165460/c?offset=288,Extrae todos los productos
https://www.carrefour.es/electrodomesticos/lavadoras/cat4165460/c?offset=312,Extrae todos los productos
https://www.carrefour.es/electrodomesticos/lavadoras/cat4165460/c?offset=336,Extrae todos los productos
https://www.carrefour.es/electrodomesticos/lavadoras/cat4165460/c?offset=360,Extrae todos los productos
https://www.carrefour.es/electrodomesticos/lavadoras/cat4165460/c?offset=384,Extrae todos los productos
https://www.carrefour.es/electrodomesticos/lavadoras/cat4165460/c?offset=408,Extrae todos los productos
https://www.carrefour.es/electrodomesticos/lavadoras/cat4165460/c?offset=432,Extrae todos los productos
https://www.carrefour.es/electrodomesticos/lavadoras/cat4165460/c?offset=456,Extrae todos los productos
https://www.carrefour.es/electrodomesticos/lavadoras/cat4165460/c?offset=480,Extrae todos los productos
https://www.carrefour.es/electrodomesticos/lavadoras/cat4165460/c?offset=504,Extrae todos los productos
https://www.carrefour.es/electrodomesticos/lavadoras/cat4165460/c?offset=528,Extrae todos los productos
https://www.carrefour.es/electrodomesticos/lavadoras/cat4165460/c?offset=552,Extrae todos los productos
https://www.carrefour.es/electrodomesticos/lavadoras/cat4165460/c?offset=576,Extrae todos los productos
https://www.carrefour.es/electrodomesticos/lavadoras/cat4165460/c?offset=600,Extrae todos los productos
https://www.carrefour.es/electrodomesticos/lavadoras/cat4165460/c?offset=624,Extrae todos los productos
https://www.carrefour.es/electrodomesticos/lavadoras/cat4165460/c?offset=648,Extrae todos los productos
https://www.carrefour.es/electrodomesticos/lavadoras/cat4165460/c?offset=672,Extrae todos los productos
https://www.carrefour.es/electrodomesticos/lavadoras/cat4165460/c?offset=696,Extrae todos los productos
https://www.carrefour.es/electrodomesticos/lavadoras/cat4165460/c?offset=720,Extrae todos los productos
https://www.carrefour.es/electrodomesticos/lavadoras/cat4165460/c?offset=744,Extrae todos los productos
https://www.carrefour.es/electrodomesticos/lavadoras/cat4165460/c?offset=768,Extrae todos los productos
https://www.carrefour.es/electrodomesticos/lavadoras/cat4165460/c?offset=792,Extrae todos los productos
https://www.carrefour.es/electrodomesticos/lavadoras/cat4165460/c?offset=816,Extrae todos los productos
https://www.carrefour.es/electrodomesticos/lavadoras/cat4165460/c?offset=840,Extrae todos los productos
https://www.carrefour.es/electrodomesticos/lavadoras/cat4165460/c?offset=864,Extrae todos los productos
https://www.carrefour.es/electrodomesticos/lavadoras/cat4165460/c?offset=888,Extrae todos los productos
https://www.carrefour.es/electrodomesticos/lavadoras/cat4165460/c?offset=912,Extrae todos los productos
https://www.carrefour.es/electrodomesticos/lavadoras/cat4165460/c?offset=936,Extrae todos los productos
https://www.carrefour.es/electrodomesticos/lavadoras/cat4165460/c?offset=960,Extrae todos los productos
https://www.carrefour.es/electrodomesticos/lavadoras/cat4165460/c?offset=984,Extrae todos los productos
https://www.fnac.es/n123649/Regalos-originales/Tantanfan#,Extrae todos los productos
https://www.fnac.es/n123649/Regalos-originales/Tantanfan#?PageIndex=2&SDM=list,Extrae todos los productos
